timestamp,bfly,bfnx,bnus,btrx,cbse,gmni,itbi,krkn,lmax,okcn,stmp,vwap global
2021-02-24 00:00:00,48929.54,48917.5599472669,48910.34651908862,48878.03334113194,48868.15733905226,48928.96416041603,48906.98485385185,48899.872330411454,48861.759607922846,48902.42007662444,48919.06186924589,48882.581773330465
2021-02-24 00:05:00,48683.05,48575.09775944772,48604.2534549104,48586.44490708906,48620.9612143751,48670.3097281324,48637.90343677541,48689.415184620986,48597.62822141396,48612.88397168501,48597.626023715166,48621.846515060526
2021-02-24 00:10:00,48264.27595519255,48278.1443158473,48423.14704138955,48365.36041689819,48432.80823686862,48425.50593861291,48382.36186634695,48478.95803883051,48433.86824520857,48366.82589019463,48529.17673972265,48434.1692797775
2021-02-24 00:15:00,47740.291561205624,47709.41345673412,47841.25933016615,47887.559232495216,47813.956056498304,47908.44592559271,47900.369623766106,47847.131627069844,47782.85506384262,47744.51713308943,47885.41170855156,47802.73797509782
2021-02-24 00:20:00,47312.57641429224,47281.376426627474,47300.63507002308,47324.80835907796,47364.64232835,47281.69602156507,47332.240574423246,47329.01252332163,47247.83189893528,47273.18161302674,47234.226053760576,47309.60362622357
2021-02-24 00:25:00,47255.81971830986,47182.556322834855,47209.22039936619,47217.20893022206,47226.45250555233,47214.56078890428,47190.279685607326,47171.49078400852,47236.41161456063,47246.172803319634,47220.67789109391,47212.42197837174
2021-02-24 00:30:00,47548.66278812644,47476.71827388811,47499.37538965585,47488.90721892357,47540.107570055465,47514.59447540597,47500.8154643856,47486.650965511995,47509.109684449766,47545.69346604546,47508.5064491534,47514.69922309171
2021-02-24 00:35:00,47741.14,47702.93675032475,47689.7658726327,47695.58383076543,47688.99488392421,47733.26647903785,47690.98440193859,47680.14435468385,47698.73315224607,47686.21618604987,47715.73225219196,47695.81002864005
2021-02-24 00:40:00,47870.47580254721,47738.751387062475,47736.38401558553,47722.168079585535,47725.78133008502,47740.70933275433,47737.5211853955,47703.053335110155,47740.82683240647,47776.87439569424,47749.63210141339,47732.81784437319
2021-02-24 00:45:00,47999.811605094415,47792.15485944737,47805.02462260229,47812.53956198085,47813.99018950739,47851.26185599295,47807.740376879534,47893.1361810699,47805.591954797776,47926.106212748346,47793.826283232396,47821.45854969088
2021-02-24 00:50:00,48129.14740764163,48014.256729841894,47991.82656709562,48011.86022285051,47940.777814582805,47970.74120909394,47963.031005376935,47976.882223519715,47902.74811715482,48019.76792371306,47964.31723095078,47960.78158642892
2021-02-24 00:55:00,48315.88412715979,48318.32579263723,48334.65799481967,48295.43959583451,48371.775445671396,48327.88601092922,48305.52226107819,48335.88138648563,48302.67259199134,48384.42912440545,48304.48091362933,48347.714615969155
2021-02-24 01:00:00,48502.62084667795,48539.74473820542,48607.25036714629,48514.985783621305,48564.51417491068,48568.585861976724,48567.59972139522,48614.50490636118,48562.38587582784,48558.14861183233,48570.96489115054,48577.96250059343
2021-02-24 01:05:00,48689.357566196115,48736.89506510474,48702.652790533684,48711.54768554347,48759.28852728839,48729.7613879773,48730.62279117072,48743.397674432796,48725.344272300455,48826.02360368804,48720.81847343839,48745.542910158074
2021-02-24 01:10:00,48876.09428571428,48818.750842831745,48855.269649724076,48798.90194146622,48855.48689461366,48845.65578291127,48863.4445971812,48798.80475963778,48800.13279108175,48847.967015846065,48842.65701332022,48833.3104415565
2021-02-24 01:15:00,48928.90742857142,48940.74466694489,48956.118714685654,48886.03298436356,48961.970594071914,48923.99267114646,48944.218815313434,48969.14079532269,48871.71509761636,49012.47594965901,48991.6899649201,48968.32893164405
2021-02-24 01:20:00,48981.72057142857,49027.326372511605,49047.45382043309,49007.433976247456,49047.45890162474,49077.30018638978,49035.647168188814,49019.64573308537,49156.051591904434,49085.636802880595,48995.90090098216,49042.29532601597
2021-02-24 01:25:00,49034.53371428572,49244.24943279291,49233.67134568293,49238.102334867,49277.487556562475,49262.19272783781,49295.35985662457,49259.368107361086,49218.76014654225,49262.41771705378,49256.273188576815,49261.97831756451
2021-02-24 01:30:00,49087.34685714286,48990.96107387899,48957.43525951379,48960.63711905031,49017.70204464438,48962.94937514396,49022.464283996596,48945.24196416149,48960.88511656185,49019.847909942735,49017.72343516431,48995.7172891093
2021-02-24 01:35:00,49140.16,49144.599663806,49175.56568011749,49167.00989616726,49178.0254607861,49210.11182147064,49146.63189891219,49144.03379748036,49049.018113387974,49208.831325312276,49131.8162847996,49161.1468239679
2021-02-24 01:40:00,49810.68614466039,49674.85449122392,49593.327764149864,49580.11761352124,49622.60932404222,49657.65391316135,49692.98642153914,49573.33262356887,49730.271337054386,49685.81723770749,49559.93475092553,49637.335600935745
2021-02-24 01:45:00,49927.67076310692,49863.165662202504,49811.276561440456,49829.505676078195,49806.04779965742,49873.899981487986,49726.870249810694,49803.87730780723,49795.27124131843,49851.03122364021,49805.871340166144,49817.59118520189
2021-02-24 01:50:00,50044.655381553464,49659.51088073059,49689.710764411706,49674.559680985934,49726.265209179284,49704.16585939761,49705.107776828976,49681.28004251151,49688.49283030064,49733.92757084939,49739.18612631097,49702.20842361227
2021-02-24 01:55:00,50161.64,49953.10224173604,49950.032649918525,50011.11758302417,50014.24591787496,50105.423034475,50024.5517666853,49989.993005504846,49967.170421037634,49959.25411482006,49968.83064516481,49994.27492891332
2021-02-24 02:00:00,50196.82016879555,50270.70316167888,50227.76214870654,50213.19452713233,50263.63321799836,50146.37290212123,50390.21562645758,50243.84977481927,50224.30113476033,50159.24209029128,50219.499893547814,50254.30216706961
2021-02-24 02:05:00,50176.80677919703,50394.287094676794,50443.06563683412,50484.45169739418,50466.658696051076,50482.11855568814,50402.57248361617,50426.567659107364,50418.43557515338,50425.09084468007,50528.09836091238,50452.876711548946
2021-02-24 02:10:00,50156.79338959852,50155.59468047631,50174.27532764803,50253.75035961337,50190.279033427025,50184.75703596998,50171.68594335125,50170.069476734214,50212.161121651785,50156.87190379818,50207.16670393101,50185.4528920643
2021-02-24 02:15:00,50136.78,50030.563387584305,50116.69806088958,50181.689314353454,50092.68151406101,50077.72487772763,50107.7519521878,50056.727093844805,50074.45654168722,50117.59666755447,50049.980715577316,50077.183010716304
2021-02-24 02:20:00,50177.341,49910.00485620076,49899.12032906917,50018.20340934183,49981.908791080736,50018.71650856773,49949.941335596406,49973.302189163165,49915.88249133235,49953.09563240487,49951.81131087332,49960.48139587798
2021-02-24 02:25:00,50217.902,49962.13764451777,50012.19191640959,50043.930018732026,50016.30156124492,50009.28792293116,49978.993306528995,49996.35542893127,49996.844662557465,50039.61079236006,50049.819679007116,50009.083713466935
2021-02-24 02:30:00,50258.462999999996,50264.024559668964,50223.263838193954,50278.155121484,50255.188199987315,50308.539208926675,50203.976586939076,50221.63393980661,50159.824329653005,50200.05055015635,50219.689143203264,50240.89807365391
2021-02-24 02:35:00,50299.024,50415.47413632955,50382.058362086165,50354.540115784235,50389.88430376847,50403.44910020804,50362.254242399555,50393.04553100219,50397.56263091747,50358.6435969664,50365.86129390319,50393.97703015629
2021-02-24 02:40:00,50339.585,50168.50124666983,50179.142002762565,50123.49795618464,50215.819846422324,50173.46624670942,50185.51610642492,50161.47111900973,50229.01518008674,50180.37480336192,50271.43545327394,50213.673606904274
2021-02-24 02:45:00,50380.146,50292.42431009116,50304.843511034,50358.409966464955,50337.351275531946,50339.748817626845,50291.850185731375,50293.878576823714,50340.32866332316,50314.392851760334,50333.524299348894,50323.76122033649
2021-02-24 02:50:00,50420.707,50288.78492220884,50316.8450967537,50350.9457108173,50329.89330238184,50347.197974025716,50318.25657935799,50330.543843387626,50326.4862007874,50328.886387736864,50312.44606373277,50322.34399767077
2021-02-24 02:55:00,50461.268,50197.374324617944,50291.6580922941,50308.205677474754,50316.72925853976,50301.49517338942,50267.00810826511,50292.39696994599,50277.515938755016,50292.960409465646,50366.11711537199,50297.32075529449
2021-02-24 03:00:00,50501.829,50258.133832449064,50255.73115137439,50332.73663752051,50298.98262317416,50388.98275167786,50260.28803622201,50291.93274915984,50330.74008746356,50186.13862255178,50361.43804904095,50313.89004905619
2021-02-24 03:05:00,50542.39,50467.4371352921,50466.56958104519,50479.98267194924,50493.79194057863,50515.47867825308,50435.1851423925,50481.978884462886,50478.45789473685,50455.327522537016,50460.718807287085,50483.5825517538
2021-02-24 03:10:00,50582.951,50342.46625242652,50367.40400052131,50478.55237791665,50410.52728025211,50410.781250612956,50323.217794728014,50401.92872281877,50387.14378852537,50344.96951375145,50393.81369100665,50397.309457775424
2021-02-24 03:15:00,50623.512,50315.34031732651,50362.06180868268,50385.3743939541,50384.238026509374,50310.63833159171,50363.28415119551,50347.2659079683,50363.73996282528,50376.110138975055,50368.102571322815,50356.42109841581
2021-02-24 03:20:00,50664.073,50273.549672790636,50328.5205008116,50382.81605233153,50370.590370875536,50360.14825933734,50343.69594572037,50350.892500120826,50342.86630517711,50352.56673072155,50367.78180223758,50359.23357123374
2021-02-24 03:25:00,50704.634,50225.14428222344,50264.965994128484,50312.09304226429,50290.27892148466,50274.91020568485,50293.702969708494,50282.72160241216,50280.96626599456,50272.09293330931,50286.83590020876,50283.18674608566
2021-02-24 03:30:00,50745.195,50244.296672687895,50280.37091916981,50297.40499003168,50291.18840558552,50289.046963508685,50274.68946455796,50285.135188303,50269.42265248227,50301.07358024692,50290.30395930651,50286.36697489069
2021-02-24 03:35:00,50785.756,50382.252983671526,50366.38424971019,50429.22846636209,50406.97685029602,50416.52503224383,50400.61657468033,50402.78439904303,50401.224368358904,50432.91964237059,50409.183952490595,50404.43244559807
2021-02-24 03:40:00,50826.317,50440.577352761706,50487.835432985834,50521.43727828085,50497.09143158511,50514.57378307857,50473.060983571784,50494.69714431898,50460.28481481481,50511.54266886821,50478.4458444518,50481.96975329595
2021-02-24 03:45:00,50866.878,50462.26999863198,50479.32463185411,50673.809573486666,50541.86988760285,50474.26481356748,50555.65185055982,50525.68667110227,50416.888839975276,50490.72380790054,50587.14381908387,50502.7477429029
2021-02-24 03:50:00,50907.439,50770.239554320666,50826.87987385716,50859.37596793998,50848.00327947643,50842.700873761896,50834.511794580336,50827.74272722142,50806.99659863946,50824.90498398837,50825.464644157684,50818.8332153229
2021-02-24 03:55:00,50948.0,50921.09771817235,50868.58603421921,50920.066315633536,50937.69715190458,50947.132161462316,50932.906054200255,50937.15318352433,50942.22938112953,50954.188184731385,50924.139034422384,50927.972461298814
2021-02-24 04:00:00,51018.85684761904,51016.95213244725,51021.53135766296,51037.3926802971,51044.799672896894,51051.26353579893,50981.22641887095,51047.68065602275,51035.722930756856,51046.43062738832,51037.25694723844,51037.94669800489
2021-02-24 04:05:00,50963.428697835276,51096.267061969345,51168.74347423886,51204.84571050017,51201.15130233441,51192.051711544744,51142.876976344334,51191.7181797802,51181.644,51230.816791085446,51181.0060640392,51184.33664061696
2021-02-24 04:10:00,50908.00054805151,51241.64694182865,51269.679794065705,51255.34661510434,51269.48542036623,51258.17109219484,51268.82682309709,51246.54299650722,51252.309550773876,51233.1462175802,51263.14851207367,51260.00550182456
2021-02-24 04:15:00,50852.572398267745,51092.27055696708,51144.38646090853,51138.39056631022,51143.85684179469,51117.21890816693,51166.505993304476,51142.42784750696,51224.58654176693,51196.861261993436,51146.968433261616,51143.56442519864
2021-02-24 04:20:00,50797.14424848398,50956.05795150363,50975.160939856236,50991.840427886855,50979.424691495165,50987.04570909005,50992.498931664086,50960.36356237303,50982.88987895091,50982.74689589302,50962.392539835266,50973.44660316295
2021-02-24 04:25:00,50741.71609870021,50799.33357864333,50842.932386252454,50853.47296737846,50836.319738522645,50944.61287988113,50919.555648626985,50869.65399283768,50873.3253560264,50787.5608242169,50912.367265506415,50851.87500661547
2021-02-24 04:30:00,50692.02672183701,50763.00113761645,50756.90466868414,50733.79182347562,50783.86742061646,50811.57385216094,50751.76339338774,50752.10814087942,50787.943373071525,50787.107847119645,50802.334891279665,50781.109474486104
2021-02-24 04:35:00,50642.337344973814,50682.74261219865,50740.43418066077,50702.46830327804,50714.75559231997,50708.22069862183,50749.16437580296,50662.26727509095,50707.566523545705,50750.142178371665,50701.698290911154,50703.00449173264
2021-02-24 04:40:00,50592.647968110614,50473.34694131902,50494.88769188014,50515.324429174776,50482.91990411129,50501.67419209306,50512.11217966784,50515.46845241746,50465.979193548395,50541.78580222161,50551.74409414608,50487.069408256575
2021-02-24 04:45:00,50542.958591247414,50611.28569668057,50534.16680872166,50635.44125311074,50604.376626463425,50541.06081445164,50589.39387109383,50556.471309770124,50597.38547740228,50554.825616271075,50549.18397930652,50593.006598722466
2021-02-24 04:50:00,50493.269214384214,50871.75229842707,50897.130100962044,50908.384551410956,50872.878531728435,50906.93282880707,50840.04625923598,50859.145164379304,50864.47558103501,50867.04211764706,50903.42931184249,50873.06784200147
2021-02-24 04:55:00,50443.579837521014,50671.435139205045,50771.09186339604,50834.49013139164,50774.016964356524,50745.80763837915,50776.36608493239,50766.67378862992,50778.47701698515,50806.2283075115,50813.03420267023,50750.22143175633
2021-02-24 05:00:00,50393.890460657814,50809.141357570334,50796.876788891524,50834.95535547879,50837.73203447323,50865.92216964705,50833.47300008159,50840.50838468879,50833.63519875952,50819.9243482416,50827.286348375506,50832.87667678035
2021-02-24 05:05:00,50344.201083794615,50951.68980717839,50959.86264187301,50971.59697413607,50944.31471535384,50914.71844286515,50968.10386197941,50988.81201053584,50954.15838058115,50955.70701943492,50929.32866936534,50944.966116436255
2021-02-24 05:10:00,50294.511706931415,50771.34240684571,50726.599415824196,50848.05757789398,50777.25096349942,50776.77453911527,50811.420857684345,50829.57101100577,50752.83683592133,50739.163819796944,50762.85560556132,50774.61308372767
2021-02-24 05:15:00,50244.822330068215,50354.37491101176,50379.1800562605,50467.08133750305,50411.678572459794,50419.61864007019,50369.62799144756,50397.531707608236,50380.08609638555,50550.1841917127,50459.77283848081,50412.30255954319
2021-02-24 05:20:00,50195.13295320502,50083.06180261891,50146.226193812436,50162.54967508115,50158.56703684768,50163.833815097976,50156.47943474585,50191.57268522309,50193.45385818101,50169.484900600306,50147.959181723156,50147.7010267622
2021-02-24 05:25:00,50145.44357634182,50091.329018462166,50199.438447936336,50214.35985523832,50210.56593726952,50234.33731288151,50154.59119128793,50182.94840211899,50218.96179379275,50210.94756575028,50182.54855112223,50181.578007603675
2021-02-24 05:30:00,50095.75419947862,50206.82669765707,50276.748619747894,50307.25498163155,50299.0856472656,50277.950805342334,50342.80173908381,50316.80839251348,50300.32147659855,50270.55834455577,50286.43445366911,50282.32592858757
2021-02-24 05:35:00,50046.06482261542,50367.44075967747,50468.15131897744,50449.131019788154,50429.91655379351,50416.28029122129,50476.116252161286,50435.77037167778,50405.68600713011,50445.44916517286,50447.538775577996,50427.84448204411
2021-02-24 05:40:00,49996.37544575222,50309.27487765567,50380.76764713543,50461.755090051745,50426.13348268147,50416.9128022881,50378.64717302623,50390.61902624947,50424.983443786994,50447.77319964663,50406.604448762184,50389.14148261609
2021-02-24 05:45:00,49946.68606888902,50338.50450638897,50387.46198783178,50426.24254368841,50414.917831754916,50399.237769743086,50474.53524552454,50402.5353019628,50440.058532608695,50425.74855274086,50405.05870840602,50394.224083948684
2021-02-24 05:50:00,49896.99669202582,50320.747727524555,50339.24058728603,50387.56076201855,50362.26400949803,50379.49144533689,50415.823768962495,50404.25563123045,50375.53976923077,50421.727724804776,50388.03412305862,50357.2959256812
2021-02-24 05:55:00,49847.30731516262,50246.014772874,50307.064917282994,50346.24880439785,50330.58006351979,50331.63902531899,50382.08018615373,50327.04776650331,50307.00562851782,50357.7044349315,50347.24573102908,50295.858036379526
2021-02-24 06:00:00,49797.61793829942,50424.14554009609,50445.161709935404,50405.43727834959,50468.956268160975,50459.99527168234,50433.778676429945,50468.40734236142,50436.13307754906,50531.12855781249,50438.00195065021,50450.92488001895
2021-02-24 06:05:00,49747.92856143622,50497.71808590564,50496.89730334134,50579.1325477161,50552.150800363284,50584.3915397008,50560.16053077843,50548.94386328797,50580.91894379271,50598.92913948533,50508.69507573935,50550.60623562344
2021-02-24 06:10:00,49698.23918457302,49668.06100692519,50061.452397524066,49941.772775015204,49957.81025859988,49987.18552233361,49905.756169634136,49917.49122660131,50068.50376712466,50213.08220434961,49957.09274960838,49889.12720086653
2021-02-24 06:15:00,49740.191542699744,49420.953211161046,49613.97053235342,49713.18231361083,49676.27902355759,49673.99984016821,49644.544145758424,49655.188798790645,49630.775006607335,49666.16677773571,49729.22870036957,49580.93705381007
2021-02-24 06:20:00,49782.14390082646,49888.351892736915,49804.94251582359,49821.86689445207,49896.81426402533,49854.79976167452,49982.56777527633,49867.711992593955,49790.06430661517,49839.85418791049,49909.56712631293,49877.995807340645
2021-02-24 06:25:00,49824.09625895318,49686.96235063035,49774.725398452174,49839.91248643609,49805.768901640105,49819.16055265967,49722.210193748324,49900.12150374423,49876.190990196075,49900.370989649804,49925.54110579735,49769.313649295764
2021-02-24 06:30:00,49866.0486170799,49726.98532019645,49694.712005781446,49741.44652347714,49757.261504361704,49722.05681447629,49790.67832186928,49786.10885840771,49792.71736461663,49858.00122171945,49780.995501543104,49766.96218231297
2021-02-24 06:35:00,49908.00097520661,49660.01739338953,49686.015731236665,49754.73091570323,49729.420277861376,49701.71829681493,49732.31097660277,49725.789184245135,49757.217434179045,49767.34466892301,49739.56376739762,49719.6374301265
2021-02-24 06:40:00,49949.95333333333,49817.14887161597,49837.12701934107,49897.555397007476,49900.96074209886,49930.89268395849,49889.65423516782,49862.91917184253,49870.928030157644,49895.90512329572,49931.45559242574,49880.530160602895
2021-02-24 06:45:00,50017.75567010309,50143.77543584413,50332.062717557856,50305.65831191649,50209.681453354344,50207.25787584844,50273.56183669889,50172.299069409826,50191.0486958124,50254.88585773427,50251.45501041885,50204.86311165814
2021-02-24 06:50:00,50018.9,49945.48544466801,50043.19130981485,50091.6758095015,50042.85888232644,50047.56461200633,50108.18014401784,50040.902531593434,50012.63577951002,50091.60218713081,50042.36092696016,50024.23670024364
2021-02-24 06:55:00,49951.14,49980.017402274105,50080.8517952866,50050.31303976784,50055.04586012146,50054.92366961066,50097.03516674835,50060.208690597574,50058.766833718844,50085.31507721104,50078.855349834696,50049.45918124227
2021-02-24 07:00:00,49883.38,49967.52562128961,50024.82936875553,50053.220147696884,50047.06828200291,50021.08818499945,50103.5609964148,50045.71392256663,50007.05788757933,50154.98309504562,50080.89685197308,50032.35531670582
2021-02-24 07:05:00,49815.62,49860.421994965414,49845.699138734926,49950.485108106746,49886.244621368605,49903.98604438336,49866.75403273635,49917.69022107053,49944.92343836373,49841.72006042954,49896.666847331326,49896.5236963948
2021-02-24 07:10:00,49747.86,49646.33194654592,49718.31832971994,49639.32166455317,49733.53797141164,49749.884838552,49667.511048145636,49681.57080423896,49769.36290358743,49818.43668610634,49739.07621166787,49722.87158878805
2021-02-24 07:15:00,49680.1,49610.609486551875,49581.24338883008,49696.46947552038,49669.426388491316,49727.6170550066,49680.628695982865,49692.082535217545,49739.54766666666,49734.14634241245,49694.5478700705,49654.24657837207
2021-02-24 07:20:00,49703.46,49833.01926921562,49891.0213350483,49984.37183318905,49913.6493189274,49960.54685112079,49993.61725133544,49957.868041182526,49891.85822510822,49871.80811479028,49899.84570457731,49904.71060796988
2021-02-24 07:25:00,49726.82,49757.54850407319,49811.83422270376,49890.682070979645,49835.29781014824,49790.418901167264,49916.63820567241,49774.85495925392,49749.833333333336,49724.51710092925,49803.237028034,49788.26905440976
2021-02-24 07:30:00,49750.18,49895.040509794206,49867.814486999545,49920.053172805034,49925.82539885981,49957.77621974811,49952.96712034738,49943.066497698266,49969.34818941505,49974.43178785855,49934.21837747845,49924.78191500128
2021-02-24 07:35:00,49773.54,50016.74045739248,50020.46841475561,50072.14450586093,50088.126162228735,50091.44113952329,50050.57186644166,50081.20216566307,50120.311923910434,50127.02814068929,50075.823494838536,50076.36001291934
2021-02-24 07:40:00,49796.9,50040.417597306434,50061.21157710824,50094.86630787961,50080.69813336689,50138.870964218186,50103.580590078025,50108.133615088256,50106.666901892095,50133.826625824695,50090.18871126257,50086.01320321789
2021-02-24 07:45:00,49820.26,50100.51490767725,50097.65844078095,50186.47628669789,50122.565672649136,50076.384840982486,50096.18147149981,50147.70863032674,50146.46672241086,50162.69958175375,50113.88725073482,50124.43464450329
2021-02-24 07:50:00,49843.62,50253.44773983329,50223.96671308539,50242.19251286809,50222.3389013663,50238.96226298989,50194.55731120495,50249.62687451185,50219.11756535948,50233.10596958027,50231.124611959545,50232.09621433522
2021-02-24 07:55:00,49866.98,50119.627872532175,50105.72503007446,50180.357642901894,50137.45902736133,50142.48340139592,50190.2653988207,50163.17686765433,50129.45792426368,50130.30077280142,50144.11171079587,50141.41532974051
2021-02-24 08:00:00,49890.340000000004,50086.01378494143,50071.07201182308,50005.181571072164,50047.69783435899,50027.42308806996,50108.95927514959,50045.98713786748,50040.459789644025,50035.19417965802,50061.866457741526,50057.77357360152
2021-02-24 08:05:00,50150.49500000001,50340.619984978504,50290.287738821775,50332.862673721735,50361.370817684,50311.24958814046,50301.63517865871,50279.024218549006,50318.09480772533,50324.12340441343,50299.92055501899,50320.73485952154
2021-02-24 08:10:00,50410.65000000001,50439.833373372414,50405.64362775663,50427.36357616071,50412.38462868596,50404.1246004774,50452.722535526416,50426.80557608741,50403.85034694502,50415.05825785877,50444.199277183034,50425.54592909557
2021-02-24 08:15:00,50473.810000000005,50825.93665197209,50737.990520836065,50787.7882071124,50696.07104098566,50768.417408062174,50792.48307944317,50692.209697396,50732.65028785241,50692.98900693329,50695.47760705749,50767.2737924907
2021-02-24 08:20:00,50536.97,50741.84019374087,50654.94582715251,50710.59962895439,50665.6756766271,50663.150689180955,50693.819442318345,50686.53301667301,50650.041937639195,50663.86736156351,50695.441561121384,50700.69695520992
2021-02-24 08:25:00,50600.130000000005,50683.31231157001,50611.47389305754,50652.268572051034,50622.26786000609,50610.16385946801,50622.5692424161,50651.85779500163,50654.79330572808,50641.48392919428,50647.90884419963,50656.54062136301
2021-02-24 08:30:00,50663.29,50771.93819818239,50768.68496011213,50803.783734530254,50772.489889393495,50739.47776476342,50784.29182729013,50800.01789582474,50795.44464365612,50825.305068172966,50850.17854975677,50814.81265049704
2021-02-24 08:35:00,50726.45,50712.565812224915,50741.938471189926,50750.93881224654,50732.364624357986,50765.88040702351,50754.47098182362,50764.99261061286,50731.1153694192,50774.557673073796,50744.34540161533,50737.71146009501
2021-02-24 08:40:00,50746.947499999995,50553.136102235825,50576.603529697786,50596.239699583064,50560.313393335164,50518.42592094186,50685.40871971385,50602.49376269299,50615.08159702347,50671.46079544198,50594.81685649168,50582.421001090486
2021-02-24 08:45:00,50767.445,50420.95861724316,50420.27446384229,50470.51863949659,50440.4715571643,50466.094751410514,50468.38001856391,50474.36724408494,50424.33178633976,50436.847002275936,50493.41180146056,50449.20155822538
2021-02-24 08:50:00,50787.9425,50551.11185091458,50606.511058433935,50617.65598129032,50611.79847129781,50555.806510742776,50583.502291693774,50641.17028836611,50616.99253215078,50579.66215774769,50595.08990191235,50597.24280342521
2021-02-24 08:55:00,50808.44,50638.12732154009,50671.89930232164,50712.306304415404,50683.66558658196,50721.28128394295,50696.674905215725,50684.89224046142,50680.62999008921,50720.33295815477,50701.69457488945,50681.46689365273
2021-02-24 09:00:00,50828.9375,50503.26238105478,50525.221639474286,50578.029334315404,50543.342755174046,50559.59631371786,50583.83870250653,50566.26705327263,50555.748319139406,50522.91963168664,50593.11947970755,50557.06687532143
2021-02-24 09:05:00,50849.435,50477.33380011124,50511.300318860674,50517.71305192392,50530.101766479966,50538.799128827035,50514.72041610663,50542.521464008976,50549.93086500284,50555.87892280939,50547.59108269907,50531.48437280136
2021-02-24 09:10:00,50869.9325,50427.110959805636,50501.24073927182,50464.00203168657,50520.307676066535,50478.09704727268,50525.52880513916,50526.27544038309,50509.77572953737,50473.788888984585,50519.347296956665,50491.24309308106
2021-02-24 09:15:00,50890.43,50714.16956791589,50795.949010643395,50860.40420455831,50847.94676674356,50819.658535268296,50782.5929034245,50774.58491248167,50846.98990663346,50801.61942756972,50820.90432736069,50812.29142927455
2021-02-24 09:20:00,50900.0,50806.48080768575,50869.2821276943,50910.45995487417,50877.76617486025,50908.659830784185,50884.55577194265,50889.10361814128,50897.75567874527,50878.77036916161,50910.31579180794,50874.8053695389
2021-02-24 09:25:00,50903.675,50694.202800811196,50811.77994037074,50816.609260405035,50802.5114381913,50805.840332684915,50807.919065835056,50845.607350249054,50831.387972915785,50809.57474136434,50829.95227870147,50797.85980375071
2021-02-24 09:30:00,50907.35,50824.85401480675,50884.574273375896,50950.54923113976,50902.65883242751,50887.95333215557,50886.38231342663,50996.39667403939,50901.818334036274,50881.495277803515,50940.28390620927,50921.56077313868
2021-02-24 09:35:00,50846.85,50913.29436540094,51058.46977977729,51066.90483784137,51086.47914580185,51042.732229568224,51120.607646627825,51070.67921043952,51018.45847414234,50920.832004797805,51077.12892708434,50969.5287093731
2021-02-24 09:40:00,50819.34181818182,51201.45304757013,51243.78289821538,51273.93784410668,51274.859023018456,51324.514746053486,51265.816425363126,51263.536513741936,51311.87674486094,51299.95822149547,51288.13425534561,51261.613802665146
2021-02-24 09:45:00,50791.83363636363,51083.618154064316,51145.75505411973,51264.16259313376,51158.118218194955,51152.28634918015,51177.55293471401,51208.57029208815,51169.16082729806,51197.149397466594,51171.00752131174,51164.21262725318
2021-02-24 09:50:00,50764.325454545455,50840.26590433797,50947.76710050775,51000.00928549819,50938.383843471616,50983.450222295,50957.377153181274,50970.966513092935,50947.89905471126,50953.19001662709,50946.604681875935,50927.78474868472
2021-02-24 09:55:00,50736.817272727276,50805.54707852888,50894.98544166302,50979.163075803706,50902.736172359364,50900.64909987781,50922.8811416004,50912.60398445068,50927.231928166344,50911.46889335007,50905.245674264705,50897.447989125816
2021-02-24 10:00:00,50709.30909090909,50880.24916506861,50947.159321150815,50993.115950852305,50956.62323262378,50967.41576885192,50981.83379637932,50927.66825270315,51000.09087875418,50970.5700400424,50969.07206800511,50935.02119707179
2021-02-24 10:05:00,50681.80090909091,50746.44774701291,50862.23047242923,50967.67136927665,50892.09885408241,50880.60877817275,50829.08510710693,50921.51468922164,50868.100619269346,50864.87011402069,50901.26002014736,50843.537562931735
2021-02-24 10:10:00,50654.292727272725,50701.34182010696,50790.63764580531,50860.524600219964,50761.43282123959,50768.56783906303,50852.4330913721,50752.94581007548,50793.76175438597,50781.26459736307,50814.15224504998,50750.62984364865
2021-02-24 10:15:00,50626.784545454546,50405.68166910161,50501.71587054771,50565.31161918716,50464.04348655461,50533.09008080233,50573.15224763855,50579.96311567366,50504.63612713936,50586.06481374172,50575.122191919625,50487.25878936938
2021-02-24 10:20:00,50599.27636363637,50397.760898274704,50471.27627083029,50448.65134001069,50510.09083585082,50532.72641734668,50560.23986858104,50517.72326725365,50478.02786818551,50582.06365285527,50531.4339241229,50499.03482774439
2021-02-24 10:25:00,50571.76818181818,50326.11698077096,50368.422999521754,50424.368645511146,50449.76973544426,50382.49663085255,50381.74736783748,50395.62990249419,50409.9921611111,50401.11538490566,50385.95362982367,50393.433418918175
2021-02-24 10:30:00,50544.26,50446.56471841375,50557.87750195928,50597.046044040886,50578.78522002067,50564.927804164065,50595.043257466816,50576.86449856972,50572.81566753144,50604.16150271575,50569.62235384126,50531.804909335086
2021-02-24 10:35:00,50486.11,50281.587573715464,50354.5459517347,50393.092900158925,50355.12715650968,50343.84848503836,50345.8496415409,50371.563567729565,50347.32705156725,50388.587728602775,50328.87369152498,50344.58942821505
2021-02-24 10:40:00,50488.09428571429,50398.114234430046,50512.387621579044,50469.4983859386,50498.755496544414,50506.02304480954,50493.56983006247,50555.96186515751,50497.82321214542,50493.131470342516,50522.90197085327,50491.7166901675
2021-02-24 10:45:00,50490.078571428574,50452.6637291501,50535.48641220177,50567.86278506768,50548.36263424636,50523.85676945598,50586.69106425161,50556.81135773414,50562.4134673698,50561.69365605658,50562.27887321289,50528.616671723
2021-02-24 10:50:00,50492.06285714286,50411.6672879931,50466.89549159169,50477.15081460333,50502.52043878938,50485.136968673265,50498.72005516596,50525.22379840219,50496.67360465116,50474.02963859829,50494.225255717996,50486.69230134036
2021-02-24 10:55:00,50494.04714285715,50202.50669360751,50222.47357678267,50250.82973946424,50287.3102119013,50310.48678786039,50275.6898645804,50259.53829526974,50287.65065486725,50307.36671318054,50265.349770539615,50260.57100330738
2021-02-24 11:00:00,50496.031428571434,50284.40012645297,50291.78301257401,50377.95018903657,50349.07454806288,50380.47371205693,50306.69196115791,50414.05322757036,50330.807409902336,50332.10817345295,50319.66538608317,50342.99736234783
2021-02-24 11:05:00,50498.01571428572,50465.21775850425,50566.50948650086,50566.60648631435,50528.25064449298,50560.283152752265,50578.05588990142,50568.26263317875,50572.82041418588,50543.360864703114,50541.34633249169,50529.434730316105
2021-02-24 11:10:00,50500.00000000001,50490.76249259632,50507.64166062181,50580.90775401259,50518.22525808837,50551.610704796294,50558.32014032994,50535.64491436779,50537.741462663595,50529.23642939482,50556.697940935104,50516.474078585794
2021-02-24 11:15:00,50468.08,50301.32120565731,50376.43647335986,50379.43817127668,50391.10661955281,50397.90741070459,50403.52082303202,50447.18435665807,50367.53761061946,50391.257140512556,50390.49866599621,50387.51958734695
2021-02-24 11:20:00,50436.16,50528.942597734705,50539.74702555788,50622.66749718389,50540.50174203547,50580.35615346635,50588.87280553451,50558.6194875917,50596.475272978576,50583.84806294949,50679.05263695839,50583.772358271766
2021-02-24 11:25:00,50524.8,50730.3837355156,50792.93697024994,50815.90578628787,50808.42680278502,50812.95453905896,50818.88293532768,50817.752026143644,50810.54794886363,50825.79612701084,50808.0670386382,50795.667147207176
2021-02-24 11:30:00,50613.44,50715.92808912047,50773.22965472816,50759.60603124012,50759.2105828088,50784.981340162594,50783.75968060111,50749.90356401395,50751.023496240596,50800.95047468353,50738.130238354,50744.52754676396
2021-02-24 11:35:00,50702.08,50627.50428103298,50712.59439119706,50719.4266912999,50683.09486785313,50673.315888039906,50680.990459569985,50665.938458650264,50690.59197555206,50682.582460881924,50681.15129001037,50681.34939788177
2021-02-24 11:40:00,50739.69,50479.00673906695,50465.9173153204,50566.610446230006,50525.05812987786,50480.48619202825,50620.39125112439,50494.71898036075,50471.85274573278,50603.226270764106,50448.03434630366,50483.17472327112
2021-02-24 11:45:00,50777.3,50352.363126382625,50415.574305741444,50394.798562940974,50405.58967524805,50393.06213030058,50412.48934024312,50398.21694617676,50387.40289574156,50485.196103667135,50404.05662485232,50397.047451354425
2021-02-24 11:50:00,50814.91,50251.08000933642,50315.03147859993,50346.91474653037,50328.20716964244,50317.80338141027,50327.53432980448,50320.370579941875,50299.2490940171,50300.27751177155,50322.31041465787,50313.08293070407
2021-02-24 11:55:00,50852.520000000004,50292.9235734849,50354.96775517052,50360.612442712976,50363.28363792851,50383.99837500508,50370.914111958424,50374.04230933697,50366.94410819122,50392.23388088055,50364.43067907857,50363.97260265911
2021-02-24 12:00:00,50890.130000000005,50467.07906526013,50557.12141137454,50564.136188337354,50508.776545049535,50554.16167622257,50492.760490072214,50464.744137467496,50542.98337627322,50546.67702800054,50516.33367434495,50509.81380972798
2021-02-24 12:05:00,50927.74,50581.855712142875,50633.113565393876,50658.99384305204,50629.933020494835,50656.822897848666,50659.36387807074,50655.72864826694,50697.12722829214,50642.706365190636,50646.11709612602,50641.76905144833
2021-02-24 12:10:00,50965.35,50521.92101485255,50574.83144012823,50599.226553452936,50600.58339086829,50686.82881469898,50516.342302199555,50632.972719451434,50465.14078889699,50442.202887221174,50637.549355305346,50573.7547931253
2021-02-24 12:15:00,51002.96,50827.05842225348,50820.674890995055,50855.36785443876,50851.56782647586,50831.16953341478,50845.21007385775,50832.52419984321,50874.409502279654,50881.286686916486,50852.904293314525,50852.4280875594
2021-02-24 12:20:00,51040.57,50967.48394942983,50910.46759909238,51080.950276185045,50993.40495077574,51060.36663383627,51047.41491122866,50955.44928094165,51019.834417495025,51001.46932099591,50981.60490006958,50989.91855361128
2021-02-24 12:25:00,51078.18,51090.790539732894,51108.04253993072,51086.318539930005,51075.82690394514,51106.74470053285,51150.55719061049,51089.20908045434,51140.47150467557,51149.64006214536,51104.68056897601,51091.7906891061
2021-02-24 12:30:00,51154.025,51115.71745676611,51140.621030931725,51186.325392385676,51157.73361571611,51154.032364214014,51187.53708472991,51142.38988159184,51160.24048363217,51144.0588461243,51169.27089883462,51144.4162425305
2021-02-24 12:35:00,51229.87,51171.14037798928,51210.598551454204,51179.509624374536,51203.06120586657,51188.89735561389,51215.90686680382,51192.82678675263,51199.39748522302,51245.921213346825,51187.29512127998,51194.24486838773
2021-02-24 12:40:00,51125.60285714286,50964.69561865271,51070.75714727245,51050.419665787056,51065.724815074,51016.40678561604,51080.94880333693,51031.15649000505,51038.57501646385,51042.88659461038,51056.73012253615,51046.70748517111
2021-02-24 12:45:00,51021.33571428571,50925.012280157745,50997.702491049975,51001.84077699679,50971.378800248014,50958.077710723526,50998.41068255119,50980.26381966714,50974.88696022311,51043.82669557209,50988.789954574626,50974.10741545042
2021-02-24 12:50:00,50917.06857142857,50866.069305136814,50966.68029419171,50945.148834279644,50920.99871368844,50994.676709544125,51006.76079299247,50946.00065457114,50898.589808012424,50939.54247442214,50953.49589849258,50918.2121235362
2021-02-24 12:55:00,50812.80142857143,50738.51948750746,50780.567418053404,50799.437048363,50765.00270903327,50724.64518394471,50796.862962392675,50775.367507725314,50761.98350413611,50754.60582695667,50762.13647489208,50761.65613925652
2021-02-24 13:00:00,50708.53428571429,50938.72405117032,50948.48952509164,50956.5818381658,50968.011389880456,50949.27361310631,50922.757465123985,50934.858908140224,50948.08403518873,51015.89901281142,50920.41546885203,50946.09597371276
2021-02-24 13:05:00,50604.26714285714,50590.23400471764,50622.3681063538,50653.41032006605,50623.86342580452,50620.18661377589,50615.88741917525,50619.544987164125,50603.569517583666,50613.95091681237,50627.52381452102,50615.15320452232
2021-02-24 13:10:00,50500.0,50456.39578315431,50469.914182441535,50531.745070955185,50549.07650069489,50521.53169611297,50539.46588032373,50547.35528029841,50530.69282806951,50521.46419292747,50566.33633344006,50534.387340141555
2021-02-24 13:15:00,50005.145762711865,49917.57900731822,49943.78769422494,49858.43872444002,49898.281904725336,49944.41987503454,49921.813773905014,49908.44369579978,49925.16573089749,50083.569938559645,49906.89784852254,49915.308996413296
2021-02-24 13:20:00,49560.79,49607.698066449004,49632.761697883296,49711.11050406294,49739.620759717414,49628.968211669584,49643.736569725654,49729.70955203764,49732.142811953614,49753.93711020502,49737.68797526584,49692.09269189616
2021-02-24 13:25:00,49389.403171704005,49801.827240079176,49794.082228505205,49793.45049704928,49857.050684644826,49785.62086806597,49813.55356660763,49823.80015732175,49749.5146048387,49740.534684635735,49778.060821493156,49813.08673806728
2021-02-24 13:30:00,49218.01634340801,49235.31017110404,49377.85310270193,49371.177133028024,49304.31115093752,49216.7298245718,49452.0693774802,49323.96107168128,49324.56725398093,49477.929230692294,49270.81010394026,49300.961925661104
2021-02-24 13:35:00,49299.973171704005,49294.08912692504,49375.7839644114,49355.96614793452,49336.11089109109,49376.87500723428,49399.27541827946,49354.15634440664,49312.3611058836,49402.41766990389,49402.32987406149,49339.719227155445
2021-02-24 13:40:00,49381.93,49396.464348347465,49442.496667936764,49459.55842821887,49454.08899905724,49422.855968087955,49444.67928319405,49470.02175139121,49414.55608087092,49437.11417296073,49432.58454661316,49435.31898008412
2021-02-24 13:45:00,49720.841988039676,49607.11643789684,49567.12749841076,49715.26928848724,49568.9731608941,49586.581388336126,49491.120881954026,49630.55736933699,49588.75864949529,49723.546612980186,49532.81874828087,49582.94995389048
2021-02-24 13:50:00,49699.0,49647.7789275013,49686.93604342134,49713.02451566529,49652.08532207361,49612.36176467356,49699.26557557817,49666.867679489784,49609.588082945396,49702.89458206085,49666.80364529215,49640.050698803825
2021-02-24 13:55:00,49699.333333333336,49533.393435312806,49477.70078667804,49515.7632757227,49480.74606403213,49460.987776071095,49503.011820910295,49450.58037087617,49450.32405250078,49486.79995008246,49469.77947291841,49477.12395002692
2021-02-24 14:00:00,49699.66666666667,49655.85415255068,49667.586816265095,49692.79167852467,49658.03151177017,49650.40646414951,49687.02628480056,49714.89546485484,49701.39940012971,49694.13702456832,49673.93221698865,49668.58470084548
2021-02-24 14:05:00,49700.00000000001,49421.96577639928,49658.00650618212,49510.8434732804,49538.20372621719,49444.354488789606,49575.2352445953,49539.47336781748,49441.890291953474,49440.243658202155,49578.04406209347,49504.682011215395
2021-02-24 14:10:00,49282.50193849188,49233.585766697994,49305.03605876063,49295.87153528179,49290.938236240225,49294.17944809632,49317.74590361205,49298.007252395655,49290.92448902347,49257.849109950286,49226.869712469124,49278.62912801537
2021-02-24 14:15:00,49516.91,49478.82985816807,49527.8979843552,49465.25143335415,49470.60006199891,49477.613895393144,49514.083480922454,49503.552493789124,49506.28123214287,49587.42377502339,49497.77444053858,49485.38769535781
2021-02-24 14:20:00,49473.6825,49513.35193902788,49537.46346097426,49560.5541673475,49539.15476623522,49529.33131352199,49515.74929345564,49537.20602148859,49527.36158277744,49551.547651271234,49535.2176404638,49534.516815518415
2021-02-24 14:25:00,49430.455,49436.58058398342,49453.80599302489,49501.50337911157,49465.13991184935,49394.408196667406,49468.315907440076,49471.873984854275,49363.720829195634,49427.61621153659,49437.02313821246,49431.41556439502
2021-02-24 14:30:00,49387.2275,49479.94738677131,49472.94202253412,49556.55011201976,49515.52303423947,49545.38631371308,49528.29325916038,49526.597514775734,49551.42176325523,49542.78926766752,49563.19532441175,49529.13051658001
2021-02-24 14:35:00,49344.0,49291.789403094546,49317.328236945075,49245.20156815001,49272.77146268324,49250.77134142214,49191.46426576785,49285.96235661612,49261.98668924641,49307.515856630824,49274.52454511324,49279.36964699829
2021-02-24 14:40:00,48953.43031857055,48941.73870857571,49069.52524997131,49094.30987756567,49023.16566773835,48988.4157213159,49007.10174428278,48974.98786442691,49077.686820437426,48950.51955648712,49051.542927314236,49006.11452074049
2021-02-24 14:45:00,49200.75000000001,48989.731566929535,49076.10995684899,49069.96097943289,49033.9430679393,49046.61787020612,48949.471418608286,49039.34888432959,49072.97509189895,49098.07036205016,49029.48777164587,49039.40994858973
2021-02-24 14:50:00,49026.73,49068.724183242215,49049.403106386984,49083.603716526304,49052.31356653237,49063.601443544765,49093.054497124576,49055.43700214706,49088.9081520387,49047.22022635972,49057.550856807065,49063.80559557456
2021-02-24 14:55:00,49046.608169098545,49283.53047514587,49271.53036718383,49267.80954440953,49220.790666235625,49219.85960953487,49265.18774382539,49340.277001348906,49205.3867284553,49255.219375876564,49163.717050431624,49247.63994344984
2021-02-24 15:00:00,49066.486338197086,49559.293222026,49485.013757719724,49592.01773196989,49523.66843728456,49522.421856480614,49541.726716605575,49569.37637639734,49528.744757191474,49515.8829572146,49537.208516555365,49532.30601051433
2021-02-24 15:05:00,49086.36450729563,49414.23603872697,49448.012915307874,49430.72390233363,49381.784757928785,49431.907835350525,49391.878028119034,49258.68386988927,49369.39553899721,49412.01030993769,49363.121892733725,49360.38333016608
2021-02-24 15:10:00,49106.24267639417,49022.5391231233,49028.436176627765,49009.28315017649,49018.17164723373,49036.95189791229,48980.688345266186,49030.42081816582,48998.93215096482,49015.157414687565,48995.142384383435,49016.77570353613
2021-02-24 15:15:00,48854.425338197085,48815.62930926406,48881.731214037434,48955.07992009113,48883.099675108424,48858.108788112804,48900.52640604781,48900.355933409424,48903.847546107114,48817.484187483096,48880.78222654521,48876.5486765683
2021-02-24 15:20:00,48602.608,48542.84529863248,48604.719278604556,48667.32843135395,48598.45721356926,48595.923438421036,48624.30720664364,48633.44461091931,48624.51027333462,48633.38119918661,48612.14293698729,48589.301921651335
2021-02-24 15:25:00,48888.090833333335,49022.430503098236,49118.73490261984,49125.26822533447,49015.920365017,49060.97225133864,48983.22617898667,49061.1339585498,49080.696254071656,49114.46516842105,49027.0937047429,49032.94808145636
2021-02-24 15:30:00,49304.15000000001,49111.26689442604,49237.17821845813,49238.228593838154,49210.860904451496,49246.220540221024,49250.143696098894,49218.069274640155,49249.39648554913,49229.4616631311,49246.55349475236,49191.702065954785
2021-02-24 15:35:00,49312.79000000001,49472.06206627825,49458.173404867855,49545.472090904506,49524.93765327321,49512.887670204436,49501.93063114519,49508.227308976595,49525.42784112149,49496.92922825599,49459.929725743175,49513.3336104862
2021-02-24 15:40:00,49321.43,49261.44811696414,49276.293277598365,49318.46998914754,49338.81412723438,49337.478285950645,49345.98606684812,49331.821372028324,49297.201629728705,49312.64446189919,49314.29246775082,49319.08173833014
2021-02-24 15:45:00,49501.981275,49480.92726105099,49538.036900775136,49594.13343473072,49557.80536790992,49461.32180085249,49521.99045155415,49523.189202184374,49549.90573127293,49636.11646014543,49573.10303892972,49550.747378029344
2021-02-24 15:50:00,49682.53255,49564.14599162464,49573.4228908915,49595.58231520556,49574.867248144445,49592.90535362453,49590.89253063076,49591.99353271927,49566.58118881119,49577.16006454427,49597.047082554694,49578.19875153257
2021-02-24 15:55:00,49863.083825,49785.94370208168,49787.76770652755,49816.88662243416,49778.38539306346,49743.70789427982,49778.832340245186,49830.73170800497,49758.757307883614,49791.700975988235,49748.49779658124,49773.61637997783
2021-02-24 16:00:00,50043.6351,49962.94010479562,49998.7839359104,50038.703343607805,49966.54640415761,50011.276884228275,50036.63765549566,50028.95709514783,49973.021273524566,50006.71768926784,49991.23579090115,49980.12103581653
2021-02-24 16:05:00,49969.31,49864.16087134724,49895.969968561134,49925.91984298776,49917.23605224957,49917.92279511188,49958.762537669994,49859.29719316119,49915.19464861379,49928.97728287127,49894.03369718242,49905.79942702764
2021-02-24 16:10:00,49766.9174074074,49727.15003491324,49789.009387264196,49778.38291006303,49750.26806396401,49764.48358844796,49827.82893400081,49745.33159801162,49747.21332306425,49791.540467698265,49751.587925067965,49750.519218469475
2021-02-24 16:15:00,49608.0237037037,49644.72603501117,49629.540773114386,49745.99503167678,49680.49204181316,49674.03261841868,49692.10984459971,49668.2042043913,49683.764366937416,49680.43197777879,49661.53486474405,49673.04848267852
2021-02-24 16:20:00,49449.13,49516.578955674806,49647.783689551216,49641.350699760565,49602.03462916356,49568.05589388622,49588.83177919996,49559.42817747237,49716.333719385555,49696.982431848286,49584.81207681287,49614.22323423241
2021-02-24 16:25:00,49612.815,49502.769754073095,49559.78096806745,49591.47552700307,49583.35896348258,49528.41848353723,49604.60164850767,49576.38531865926,49534.352443572134,49592.00755902362,49559.898033947735,49569.12411454623
2021-02-24 16:30:00,49537.16999999999,49578.69505341038,49638.66156477874,49653.19344948686,49681.49007912243,49670.50072130469,49554.58035957262,49616.38474790472,49652.40674596432,49582.88818847311,49659.71229114176,49660.415661796374
2021-02-24 16:35:00,49562.89285714285,49746.960083169695,49787.17361613492,49803.594539351645,49777.44666935509,49793.929605101854,49773.211855874724,49801.00595071039,49772.12316017317,49779.55136802105,49775.527743427294,49777.00425134779
2021-02-24 16:40:00,49588.61571428571,49619.071246293504,49694.32655788845,49700.039476249534,49664.00580129014,49678.37761775978,49669.954906664156,49670.07037625885,49648.15776804336,49673.475734006744,49674.025918365725,49661.074821436574
2021-02-24 16:45:00,49614.33857142857,49572.032120968215,49600.58973107278,49622.03776699199,49628.1392134699,49650.23001254287,49644.908503278,49636.6021783255,49631.659301909305,49622.46870177031,49647.49748561894,49624.07352275772
2021-02-24 16:50:00,49640.061428571425,49570.17885082266,49695.36604031065,49703.17392530103,49723.68609015167,49751.229232926315,49721.45054608074,49680.31232533263,49730.093406593405,49711.37313928011,49726.03722944918,49692.881526143225
2021-02-24 16:55:00,49665.78428571428,49425.295387485574,49403.329547474736,49508.38549341041,49468.20004673086,49456.29124334466,49475.971755564926,49424.167349682386,49463.349090480675,49475.50569803064,49444.845859403176,49449.458762735194
2021-02-24 17:00:00,49691.50714285715,49412.16324031321,49423.81842220931,49503.68103289867,49483.25071732989,49562.00632642855,49508.57830195798,49559.578573382554,49509.263532763536,49494.266820578225,49533.135808829895,49492.755262861174
2021-02-24 17:05:00,49717.23,49640.70234274704,49801.739114407166,49775.31214296175,49843.66456329617,49857.39975155462,49741.370545978265,49765.12718929714,49867.963873783636,49751.15570420697,49830.481101575235,49803.07312367112
2021-02-24 17:10:00,49732.6725,49823.33184202127,49851.13187430259,49915.54730722475,49871.72963078313,49816.50992138551,49918.31014471525,49912.52969747211,49848.4341707317,49894.70930144746,49913.09754846166,49866.666050252716
2021-02-24 17:15:00,49748.115000000005,49833.111101415256,49869.65119689525,49881.275543246,49853.30739530293,49864.33052299693,49889.82547837077,49878.36948273648,49871.89369310793,49869.32666317749,49861.92692949713,49857.787154136364
2021-02-24 17:20:00,49763.5575,49879.93821268112,49917.99632278466,49904.516200451195,49892.91856557859,49889.73417147854,49916.70774900458,49905.39094658155,49877.71883656511,49918.25952141058,49917.234623137825,49894.70959947378
2021-02-24 17:25:00,49779.0,49779.29516083668,49806.52411451649,49802.21928466433,49827.32274182958,49832.83732412246,49810.483860837965,49834.604658932425,49776.98263943443,49856.040128668166,49823.70118960947,49821.59638496907
2021-02-24 17:30:00,49744.90576079223,49698.900111739145,49756.31691750005,49740.9994622807,49733.82413957571,49748.42417008948,49739.998434331384,49717.051258209896,49730.21572794899,49705.38577891722,49723.84631935338,49729.66678639011
2021-02-24 17:35:00,49710.81152158447,49723.59018435532,49726.608952652234,49781.79752790857,49713.00183093309,49788.09954585787,49704.092087193516,49728.73225267089,49720.400039277294,49705.61810599744,49718.37068476918,49725.312956968635
2021-02-24 17:40:00,49696.96008138641,49848.732087328586,49866.617414540124,49864.941139496645,49855.07827728155,49893.5232494865,49838.69050703594,49835.251551573594,49860.29604918031,49860.48579653466,49880.801795406915,49855.38129636716
2021-02-24 17:45:00,49683.10864118835,49823.30241212453,49861.318192888444,49857.80802693559,49845.90260895745,49879.74134021979,49834.071608758204,49833.05305568167,49862.05746753247,49881.85532454098,49849.98344107496,49848.42119158159
2021-02-24 17:50:00,49669.257200990294,49807.40216024875,49830.39372125391,49861.40718844159,49843.83937305752,49856.48101493282,49855.0292424436,49807.75812363374,49842.712729809726,49819.557693674884,49842.58509614587,49841.44519767899
2021-02-24 17:55:00,49655.40576079223,50022.78896220723,50011.0757766372,49957.52727049357,49960.799720149305,50043.617887045744,50001.549604880995,49975.10801155246,50021.694767679895,49993.42279811985,50000.60813874261,49988.390900677434
2021-02-24 18:00:00,49641.55432059417,50030.64443957869,50004.47743294323,50011.77084178984,50021.10101791819,50037.21776847072,50037.996234866776,50029.62687001029,50020.974237887065,50059.99783854383,50003.57032012155,50022.64026870182
2021-02-24 18:05:00,49627.702880396115,49806.13466645134,49908.65174923203,49847.23722039241,49874.8201806332,49825.38160953694,49820.262371252065,49900.46317801608,49869.96208369282,49849.3184335898,49849.0370558799,49861.463268429376
2021-02-24 18:10:00,49613.85144019806,49722.62915887753,49790.55998903804,49733.38941688359,49736.31988017963,49733.19892732994,49759.18234401325,49733.08722783267,49773.50668237854,49725.02847686375,49730.642188572914,49741.22193475638
2021-02-24 18:15:00,49600.0,49666.9332045016,49703.11971048609,49728.98303954498,49699.46189116059,49698.893454516736,49712.26502415818,49679.48201996144,49694.89047340627,49721.86782511024,49751.06892659535,49699.887059693814
2021-02-24 18:20:00,49633.333333333336,49574.21672947459,49573.47418090329,49600.89929331831,49587.66200451117,49595.088729060386,49574.42482035148,49584.55005260094,49590.47621621623,49593.049731356,49593.49365062224,49587.78476189832
2021-02-24 18:25:00,49666.666666666664,49693.69255780268,49700.91859469716,49695.45790068621,49692.26297291967,49709.52770052114,49696.599660019776,49679.03197596102,49712.451900455926,49702.3788983887,49708.730461092244,49694.59944996069
2021-02-24 18:30:00,49700.0,49771.37613445102,49875.42263283201,49801.91350256593,49826.89809939569,49847.75940628998,49749.53358117287,49823.29059522074,49857.13674896094,49844.60237726966,49802.78146803979,49824.993534385445
2021-02-24 18:35:00,49668.12,49925.31065349618,49951.66088046451,49947.26439500732,49955.129223483185,49985.80312868933,49981.94104984613,49935.81366139769,49971.46416771489,49993.770566451014,49953.60130016593,49955.68146602463
2021-02-24 18:40:00,49636.24,49905.58378998195,49892.92157327862,49909.941592768184,49891.81844745776,49893.676106412575,49905.63312326763,49882.57265184501,49896.110574534156,49929.413055118115,49915.6171032727,49896.13716717161
2021-02-24 18:45:00,49604.36,49793.44742847912,49837.28457210823,49841.50979448892,49812.63350754176,49804.05907903328,49817.78823942686,49814.961616163295,49828.45081496824,49826.24704719333,49822.02803436505,49815.22970824084
2021-02-24 18:50:00,49572.479999999996,49735.09411199041,49741.448963395706,49768.50357119323,49741.252186921316,49747.31666549759,49757.345994670366,49725.963647176584,49757.65178826896,49746.49576717736,49749.045071205364,49742.73373174987
2021-02-24 18:55:00,49540.6,49613.9850316982,49617.66389737069,49676.951001130605,49656.95604729839,49647.682432022375,49636.706403542456,49632.13278730502,49661.31866256157,49656.848104358345,49659.69978293105,49651.83497126701
2021-02-24 19:00:00,49508.72,49652.57935661387,49623.72002819066,49621.077892434776,49669.796377820516,49651.66800818633,49648.32322368317,49663.89087081019,49651.7970442392,49650.221851910836,49654.759766928386,49657.00920072969
2021-02-24 19:05:00,49476.84,49502.38088221086,49531.69388219008,49542.644413407346,49466.589778639325,49470.416805042165,49584.07655125834,49498.63973603128,49494.3112489255,49502.26682417971,49521.887447137036,49488.90866815599
2021-02-24 19:10:00,49444.96,49478.231320088875,49492.52235461235,49449.93754697741,49484.333034539464,49434.72764079296,49455.97732215187,49456.786151987784,49457.1364472681,49489.04440395141,49485.5955774898,49478.19820324597
2021-02-24 19:15:00,49444.632621359226,49471.056869004206,49459.158256399176,49479.286730047,49470.39214901038,49455.72787624905,49492.732511359995,49481.59881035857,49487.309023680216,49469.68913137113,49478.58642065139,49476.79563606335
2021-02-24 19:20:00,49444.305242718445,49541.360359377875,49523.79164409706,49511.5110432953,49518.43959954445,49535.83607913128,49546.68634623905,49529.82262024982,49526.50185076922,49565.02851751395,49539.09466743001,49525.872980597465
2021-02-24 19:25:00,49443.977864077664,49497.24030735929,49491.0236064846,49461.3151086861,49471.32793693633,49492.624859905096,49486.36238148657,49487.853833861685,49479.25741037975,49456.472181400684,49466.49418688,49478.47384899571
2021-02-24 19:30:00,49443.65048543689,49294.16180025638,49205.36890255451,49252.58733772505,49249.25221796717,49229.70787997737,49305.03383413316,49258.98254753076,49241.84703387895,49311.97519988811,49254.802554240785,49252.96251550572
2021-02-24 19:35:00,48997.59999999999,48997.97870534637,49021.76995941602,49010.13988832354,48992.31004349088,49029.277188076914,49027.63203297308,49005.69675920037,49015.099090938405,49012.12405649293,49009.12736153136,49002.13274039891
2021-02-24 19:40:00,49026.89399999999,49050.83332730492,49026.602245908274,49002.64055418231,49059.59248468561,49027.94721529198,49021.17504246789,49041.478136985505,49039.12996699401,49066.8692265992,49045.027511694454,49051.16678337754
2021-02-24 19:45:00,49056.187999999995,49074.14059778051,49100.38964259367,49091.600750856014,49106.5822932682,49105.96141354065,49100.2257931524,49093.57800933927,49097.45391398515,49156.63182158674,49113.27326917253,49102.13956114865
2021-02-24 19:50:00,49085.48199999999,49034.76189564384,49036.84330834369,49013.45802856913,49043.49407562569,49073.75315745458,49040.02566335714,49072.959030042606,49048.607239198725,49069.124731707336,49048.43308760572,49050.80565618119
2021-02-24 19:55:00,49114.77599999999,48991.006712982984,48936.76001628176,48972.41976765078,48972.52963651857,48974.89513307756,48984.34714278508,48985.337410940316,48979.53338028169,48967.767517989996,49001.23222991569,48977.51274285547
2021-02-24 20:00:00,49144.06999999999,49051.33439045264,49084.66959697115,49015.97686485087,49035.69874260396,49045.80056846614,48980.07500331155,49060.23339953272,49042.22729400555,49006.87158111684,49079.95005112386,49044.918446004456
2021-02-24 20:05:00,49116.08805413366,49163.65585209335,49142.0805583401,49135.88738375588,49141.04366311122,49149.72489643238,49133.02952019709,49117.586289820894,49130.23757462686,49112.34163997791,49106.51511856473,49137.98417865506
2021-02-24 20:10:00,49088.106108267326,49127.98870337697,49125.43533732361,49112.9947169092,49132.364309295284,49086.884963083314,49133.168629087915,49165.75993268504,49141.93143377884,49182.015989818996,49132.28747915274,49132.985941738094
2021-02-24 20:15:00,49060.124162401,49073.70056458299,49048.60479962281,49067.568374351,49084.617904324856,49055.05419207321,49107.35676391215,49032.3397907389,49107.35983354675,49090.366554141765,49094.65003502511,49085.0767015575
2021-02-24 20:20:00,49032.14221653467,48907.2781799291,48919.54526351207,48926.799682178374,48916.81388535082,48931.1848054486,48928.069976039726,48887.399845828564,48925.97958141909,48957.56559779078,48932.27458646897,48915.7153596531
2021-02-24 20:25:00,49004.16027066833,48798.06004387449,48813.50770068153,48851.16861380925,48845.374861389544,48859.938126568144,48866.680222398885,48822.25772708991,48856.79001016419,48801.033646605094,48845.1057474257,48837.96991064534
2021-02-24 20:30:00,48976.17832480201,48681.671758934346,48722.81198033849,48706.61427544625,48711.97712127289,48746.242068153864,48743.95420620783,48754.927196471675,48746.0083335679,48758.43563592205,48718.83230890964,48717.10059920901
2021-02-24 20:35:00,48948.196378935674,48750.692920114954,48735.92433526108,48684.334908495024,48764.906611472245,48745.10358060604,48751.21955433263,48764.61169174067,48693.92421794551,48722.094349775776,48775.68395724556,48751.22382430573
2021-02-24 20:40:00,48920.21443306934,48871.46269099585,48817.523388580055,48870.51367401142,48863.86763315506,48902.32081954132,48929.97507098154,48889.99537846887,48954.80975075593,48918.65474837351,48799.35065177235,48882.797501370595
2021-02-24 20:45:00,49024.88851093512,48758.97360953131,48776.2492388178,48752.89649973112,48766.89123261581,48805.21000856943,48738.678508632496,48761.986486618975,48777.977293617034,48749.00417595218,48785.53665914572,48770.10336624106
2021-02-24 20:50:00,49129.562588800894,48943.005855503936,48905.74541638226,48928.828937516075,48951.2343594828,48934.18076827489,48925.46178043211,48928.04532098479,48944.911893408134,48963.84475952123,48954.94476234136,48947.85947954717
2021-02-24 20:55:00,49234.23666666667,49089.26931157887,49132.97822323855,49030.529607977136,49055.89635429029,49107.4061213316,49074.299044042185,49100.03553238856,49113.61586741889,49102.95631713555,49128.98884199056,49090.895191355834
2021-02-24 21:00:00,49039.153333333335,49083.5492528424,49035.930406586354,49079.25605144619,49078.819031770305,49089.18048485258,49081.8508102903,49092.01320663383,49117.899721536836,49109.35870785744,49116.112669823844,49091.805052021184
2021-02-24 21:05:00,48844.07,48768.739492199355,48802.939245923946,48816.72040208764,48789.857707943345,48827.87698873514,48842.67062228045,48795.86179135833,48815.53876329744,48760.47989617199,48804.18379152766,48797.36890132924
2021-02-24 21:10:00,48629.96123596722,48578.63162331635,48582.01375620797,48591.919041957786,48608.89948343211,48618.83301780226,48614.496803232425,48587.71100618203,48600.881383693966,48651.694523769664,48610.61043157273,48601.27678896535
2021-02-24 21:15:00,48415.85247193443,48412.63446960301,48400.559469521904,48437.98185310523,48448.50665886937,48391.92883483494,48420.05360372255,48427.733881717395,48393.360202338714,48366.231337068646,48465.67922750663,48428.556800602215
2021-02-24 21:20:00,48367.61431462295,48295.82835997407,48318.05085850574,48270.33597644006,48271.74768680598,48309.53970174288,48288.80525728892,48288.060566780645,48290.19329896907,48240.16704328804,48314.93584984423,48286.50987454747
2021-02-24 21:25:00,48319.376157311475,48267.10624175481,48306.23757985868,48269.98466187938,48258.633095608864,48291.888387774394,48276.92752316382,48298.9415954333,48314.43843636739,48259.937499999985,48288.293722245166,48279.51190737969
2021-02-24 21:30:00,48271.138,48280.379775732436,48266.90696890369,48285.62261027185,48269.9055659813,48259.49434468218,48247.67672446709,48281.08872699062,48261.480251958215,48295.25331093942,48238.41875322256,48268.88609541598
2021-02-24 21:35:00,48413.49,48429.028912048634,48418.55166575005,48424.173336443666,48431.08175917612,48469.172392989225,48428.651678715,48418.51031450286,48410.92441404682,48443.23749613857,48414.595405303015,48425.93837119749
2021-02-24 21:40:00,48434.8675,48459.83097550898,48462.28162054797,48448.452591370115,48460.916046659084,48459.44139908465,48461.98949516798,48471.688260158226,48492.16835793358,48480.118233995585,48468.369232079065,48464.71573776984
2021-02-24 21:45:00,48456.244999999995,48315.90387768267,48334.62480872744,48415.02048309479,48365.225898543475,48376.546129487884,48352.540885167386,48366.41262380854,48370.464933673466,48432.381767213505,48307.102397298615,48359.19688276011
2021-02-24 21:50:00,48477.6225,48230.12592600144,48190.261644641796,48208.30088504016,48226.74652084061,48220.75694159149,48261.8006442436,48239.99409897799,48274.375642909625,48274.385904690236,48197.5853000225,48232.18751475592
2021-02-24 21:55:00,48499.0,48687.256477139876,48698.81572224621,48698.20191180876,48672.94769124976,48574.67093620153,48698.14630587063,48716.710928763685,48595.52342745005,48748.989884067574,48684.2854954541,48665.17357592221
2021-02-24 22:00:00,48355.020000000004,48520.95510554441,48520.692951336874,48684.09697831113,48565.90823197603,48579.462534948645,48654.61968406411,48580.081485842005,48430.255232955795,48485.99152806974,48596.72939644178,48548.74894565806
2021-02-24 22:05:00,48211.04,48262.07793728053,48242.53738916926,48246.0100639652,48309.21463109357,48336.97931530248,48287.30680027246,48232.244010207316,48264.98703846154,48436.98939377966,48267.75303313947,48286.11178600124
2021-02-24 22:10:00,48149.50222222221,48148.58821146342,48185.4871866878,48222.302335624765,48229.075377956746,48242.46474489685,48196.12100596448,48219.94191941146,48192.68502392345,48158.75750444547,48186.12277974787,48194.445129591855
2021-02-24 22:15:00,48266.13264011728,48386.39087920241,48355.98006207191,48387.417873120925,48390.02249771152,48377.28018871525,48296.03507468802,48414.86655703443,48385.63988400375,48370.34851121173,48384.017943982646,48389.85040263513
2021-02-24 22:20:00,48465.48509341152,48313.02904072848,48342.02531972219,48436.541944829376,48365.76355747762,48428.13320547537,48367.99266042055,48388.15635650398,48351.859860643184,48397.316586666675,48374.01255243725,48367.83994331211
2021-02-24 22:25:00,48664.83754670576,48547.39338894206,48605.48246284198,48572.84174197713,48550.92709913103,48526.96122695618,48601.1615685615,48561.330641094544,48591.56651055099,48583.984409683835,48582.35976945474,48561.52887833172
2021-02-24 22:30:00,48864.19,48777.316731908235,48674.05260358139,48688.59259795248,48771.971814786426,48741.94746017016,48721.9923069128,48812.46660971104,48800.982297072784,48753.26644675487,48818.78682614111,48778.97206998192
2021-02-24 22:35:00,48916.993571428575,48810.20587398385,48749.88885336953,48841.8344973564,48824.303073524214,48792.70699165846,48762.062633232,48861.44114932626,48775.64901477832,48768.634889196706,48813.95233866789,48819.69909627583
2021-02-24 22:40:00,48969.79714285715,48743.90225691771,48718.546353687794,48727.840165326896,48708.267651666145,48747.7279189066,48714.40158781136,48732.7680345353,48731.142674576266,48699.39950808625,48701.05882464371,48716.821135561375
2021-02-24 22:45:00,49022.60071428572,48626.1404579434,48632.80114192253,48640.321169713396,48628.47672279546,48699.493620111876,48647.64155943267,48672.24032919743,48665.46694720497,48705.598032656315,48699.15793966339,48655.41873661995
2021-02-24 22:50:00,49075.404285714285,48844.55689727475,48732.08010883214,48776.48396639448,48780.47273551774,48825.788513642525,48793.84262443552,48806.561011627884,48799.1694105481,48795.145174923375,48775.70873510433,48805.532180900154
2021-02-24 22:55:00,49128.20785714286,48816.3837138275,48815.80219075694,48861.82725807179,48865.029166352295,48869.49496332286,48856.19996026224,48883.80670333482,48881.99562554681,48852.17774898786,48868.8864878197,48854.32640067619
2021-02-24 23:00:00,49181.01142857143,49096.84956314287,49074.972429855596,49002.67411741007,49045.3786558694,49151.01339968164,48945.68288586243,49140.14594193684,49106.05045073794,48983.229320324775,49028.22203446091,49076.985269574034
2021-02-24 23:05:00,49233.815,49391.93717805177,49419.450273237984,49415.7682382042,49429.876088473,49461.59888083237,49390.78609436885,49420.931152715435,49414.666626099715,49380.04081036441,49408.21316569298,49415.23509944124
2021-02-24 23:10:00,49286.618571428575,49319.89252708528,49320.87271190024,49375.71636568166,49345.14756953812,49352.632011702975,49346.63685586798,49331.50631093803,49328.87785149117,49376.97002833956,49350.87596550949,49338.68531177464
2021-02-24 23:15:00,49339.42214285715,49209.764938809574,49221.5658161477,49252.66153366201,49255.31435190065,49286.47135471521,49269.46319267212,49219.23336820857,49239.39408238054,49240.74919213014,49257.81970407189,49244.2506527933
2021-02-24 23:20:00,49392.22571428572,49449.37584958924,49292.4501848083,49364.532198306595,49354.38068624811,49380.91960111626,49360.98099539137,49305.324074693664,49356.68940342095,49314.93028465503,49349.905451713195,49367.58534819761
2021-02-24 23:25:00,49445.029285714285,49397.94695389348,49426.66710183328,49387.090640388524,49397.562389090315,49378.016731874144,49362.73757290863,49370.91679354086,49387.66453484981,49370.5466692143,49365.615475750514,49391.077865853804
2021-02-24 23:30:00,49497.83285714286,49484.952901982506,49444.27039407302,49485.4691925331,49452.526603007,49481.723352170055,49443.5734713059,49465.67157042415,49458.99106574112,49467.896983949235,49447.87622011397,49459.75509824258
2021-02-24 23:35:00,49550.63642857143,49612.674938015574,49568.36732965918,49693.94943440706,49621.44185511819,49634.22857092153,49621.06069392138,49624.36107263902,49638.65183531458,49689.663668643276,49635.25530398317,49629.640291371674
2021-02-24 23:40:00,49603.44,49546.01472303343,49572.62528588156,49613.37539478204,49586.42413607982,49601.2158286041,49592.312212123885,49577.20042007956,49578.797805148075,49588.08093916994,49586.78159501264,49584.59862507374
2021-02-24 23:45:00,49639.67666666667,49678.501250769485,49571.15553578367,49712.21736627654,49685.750560668326,49706.82745036609,49695.673398861414,49655.966877415914,49697.81314392991,49708.63493263156,49706.10700592372,49684.55400200603
2021-02-24 23:50:00,49675.91333333334,49599.60397137755,49622.32771245593,49649.85797431158,49644.17882271371,49615.073437273204,49670.49082679191,49715.774041947974,49590.46659201193,49606.37428979091,49647.89483527765,49657.378410277954
2021-02-24 23:55:00,49712.15000000001,49689.03681416554,49604.21164143156,49686.35148327411,49627.6491851257,49673.268462410335,49642.3862920005,49635.104990241896,49677.502495533365,49675.851195577234,49658.90501468728,49644.88868920776
